<?xml version="1.0" encoding="UTF-8" ?>
<beans xmlns="http://www.springframework.org/schema/beans"
    xmlns:xsi="http://www.w3.org/2001/XMLSchema-instance"
    xmlns:lang="http://www.springframework.org/schema/lang"
    xsi:schemaLocation="http://www.springframework.org/schema/beans http://www.springframework.org/schema/beans/spring-beans.xsd                            
    http://www.springframework.org/schema/lang http://www.springframework.org/schema/lang/spring-lang.xsd">
    
    <bean id="placeholderConfig" class="org.springframework.beans.factory.config.PropertyPlaceholderConfigurer">
        <property name="location" value="/WEB-INF/red5-web.properties" />
    </bean>
    
    <bean id="web.context" class="org.red5.server.Context" autowire="byType" />
    
    <bean id="web.scope" class="org.red5.server.scope.WebScope" init-method="register">
        <property name="server" ref="red5.server" />
        <property name="parent" ref="global.scope" />
        <property name="context" ref="web.context" />
        <property name="handler" ref="web.handler" />
        <property name="contextPath" value="${webapp.contextPath}" />
        <property name="virtualHosts" value="${webapp.virtualHosts}" />
    </bean>
    
    <!-- Replace this class value with your handler. -->
    <bean id="web.handler" class="com.infrared5.red5pro.bandwidthdetection.Red5ProBandwidthDetection" />
    
    <!-- <bean id="streams" class="com.infrared5.red5pro.examples.service.LiveStreamListService" >
        <constructor-arg ref="web.handler"/>
    </bean> -->
	

    <!-- Enable this if you're using S3 storage -->
    <!--
    <bean id="streamFilenameGenerator" class="com.red5pro.media.storage.s3.S3FilenameGenerator"/>
    -->
    
  		
</beans>
